_unit_id,_golden,_unit_state,_trusted_judgments,_last_judgment_at,gender,gender:confidence,profile_yn,profile_yn:confidence,created,description,fav_number,gender_gold,link_color,name,profile_yn_gold,profileimage,retweet_count,sidebar_color,text,tweet_coord,tweet_count,tweet_created,tweet_id,tweet_location,user_timezone
815719226,FALSE,finalized,3,10/26/15 23:24,male,1,yes,1,2012-05-13 1:48,i sing my own rhythm.,0,,08C2C2,sheezy0,,https://pbs.twimg.com/profile_images/414342229096808449/fYvzqXN7_normal.png,0,FFFFFF,Robbie E Responds To Critics After Win Against Eddie Edwards In The #WorldTitleSeries https://t.co/NSybBmVjKZ,,110964,10/26/15 12:40,6.59E+17,main; @Kan1shk3,Chennai
815719227,FALSE,finalized,3,10/26/15 23:30,male,1,yes,1,2010-01-12 13:51,I'm the author of novels filled with family drama and romance.,68,,0084B4,DavdBurnett,,https://pbs.twimg.com/profile_images/539604221532700673/WW16tBbU_normal.jpeg,0,C0DEED,ÛÏIt felt like they were my friends and I was living the story with themÛ https://t.co/arngE0YHNO #retired #IAN1 https://t.co/CIzCANPQFz,,7471,10/26/15 12:40,6.59E+17,,Eastern Time (US & Canada)
815719228,FALSE,finalized,3,10/26/15 23:33,male,0.6625,yes,1,11/28/14 11:30,louis whining and squealing and all,7696,,ABB8C2,lwtprettylaugh,,https://pbs.twimg.com/profile_images/657330418249658368/SBLCXdF7_normal.png,1,C0DEED,i absolutely adore when louis starts the songs it hits me hard but it feels good,,5617,10/26/15 12:40,6.59E+17,clcncl,Belgrade
815719229,FALSE,finalized,3,10/26/15 23:10,male,1,yes,1,2006-11-09 22:39,"Mobile guy.  49ers, Shazam, Google, Kleiner Perkins, Yahoo!, Sprint PCS, AirTouch, Air Force.  Stanford GSB, UVa.  Dad, Husband, Brother.  Golfer.",202,,0084B4,douggarland,,https://pbs.twimg.com/profile_images/259703936/IMG_8444_normal.JPG,0,C0DEED,Hi @JordanSpieth - Looking at the url - do you use @IFTTT?!  Don't typically see an advanced user on the @PGATOUR! https://t.co/H68ou5PE9L,,1693,10/26/15 12:40,6.59E+17,"Palo Alto, CA",Pacific Time (US & Canada)
815719230,FALSE,finalized,3,10/27/15 1:15,female,1,yes,1,4/16/14 13:23,Ricky Wilson The Best FRONTMAN/Kaiser Chiefs The Best BAND Xxxx Thank you Kaiser Chiefs for an incredible year of gigs and memories to cherish always :) Xxxxxxx,37318,,3B94D9,WilfordGemma,,https://pbs.twimg.com/profile_images/564094871032446976/AOfpk-mr_normal.jpeg,0,0,Watching Neighbours on Sky+ catching up with the Neighbs!! Xxx _Ù÷Ä_Ù÷Ä_Ù÷Ä_ÙÔÎ_ÙÈ_ÙÔ_ÙÈ Xxx,,31462,10/26/15 12:40,6.59E+17,,
815719231,FALSE,finalized,3,10/27/15 1:47,female,1,yes,1,2003-11-10 18:14,you don't know me.,3901,,F5ABB5,monroevicious,,https://pbs.twimg.com/profile_images/656336865033850880/ougQS3q7_normal.jpg,0,0,"Ive seen people on the train with lamps, chairs, tvs etc  https://t.co/w6zf4pVM4I",,20036,10/26/15 12:40,6.59E+17,New York Gritty,Central Time (US & Canada)
815719233,FALSE,finalized,3,10/26/15 23:48,male,1,yes,1,2012-03-12 21:54,The secret of getting ahead is getting started.,80,,0000FF,RobinMeske,,https://pbs.twimg.com/profile_images/508875440107180032/apOHVAt8_normal.jpeg,0,C0DEED,"Gala Bingo clubs bought for å£241m: The UK's largest High Street bingo operator, Gala, is being taken over byÛ_ https://t.co/HzeeykJUd3",,112117,10/26/15 12:40,6.59E+17,,
815719234,FALSE,finalized,3,10/27/15 1:52,female,1,yes,1,2009-08-15 4:50,Pll Fan // Crazy about MCD // Ramen is bae,1825,,9266CC,pigzilla_,,https://pbs.twimg.com/profile_images/658670112304709632/ZhhUs4WC_normal.jpg,0,0,@_Aphmau_ the pic defines all mcd fangirls/fanboys and mcd shippers xD,,482,10/26/15 12:40,6.59E+17,,
815719235,FALSE,finalized,3,10/27/15 1:49,female,1,yes,1,5/13/11 3:32,"Renaissance art historian, University of Nottingham; fuelled by Haribo, partial to coffee and with a soft spot for Renaissance China. National Teaching Fellow.",3115,,9266CC,GabrieleNeher,,https://pbs.twimg.com/profile_images/513327289858535424/vrc79hs1_normal.jpeg,0,FFFFFF,@Evielady just how lovely is the tree this year! Never seen it as gorgeous as this #Autumn #colour,,26085,10/26/15 12:40,6.59E+17,"Nottingham, England.",Amsterdam
815719238,FALSE,finalized,3,10/26/15 22:20,female,0.6509,yes,1,2008-10-12 5:05,Senior '16 . XI-XII-MMXIV.,3371,,0084B4,kaylanabrewer_,,https://pbs.twimg.com/profile_images/651227967595483140/Mes6SNEO_normal.png,0,FFFFFF,Just put my ass on the line for you and this is how you repay me.,,13585,10/26/15 12:40,6.59E+17,,Atlantic Time (Canada)
815719240,FALSE,finalized,3,10/27/15 1:29,female,0.6501,yes,1,2004-06-13 15:31,"im just here for tÌüp, bo burnham, and disney world.",13928,,0084B4,cheyflan,,https://pbs.twimg.com/profile_images/655943646815113216/gnRGy6pf_normal.jpg,0,FFFFFF,will i even need sound effects for the diviners tonight,,18469,10/26/15 12:40,6.59E+17,row b seat 104,Atlantic Time (Canada)
815719242,FALSE,finalized,3,10/26/15 23:43,female,1,yes,1,8/27/11 9:42,JMKM_Òü,1762,,58185,Toucaan_Samm,,https://pbs.twimg.com/profile_images/625025152720375808/QJNu2mgI_normal.jpg,0,EEEEEE,@giannaaa28 lmao _Ù÷â_Ù÷â dude I'm hella scared for next episode bc the ending to yesterday's,,16627,10/26/15 12:40,6.59E+17,,Arizona
815719243,FALSE,finalized,3,10/26/15 22:50,male,1,yes,1,10/18/09 11:41,"Over enthusiastic F1 fan.  Model collector, music fan and a film fanatic.  Also an Aspergian.",5,,0084B4,SSmyth2010,,https://pbs.twimg.com/profile_images/613850179880517634/m_B2ujkb_normal.jpg,0,C0DEED,@coolyazzy94 Ditto - I'm still learning the favourites and retweet stuff - least it sucks less than Facebook haha :P,,91,10/26/15 12:40,6.59E+17,Glasgow,London
815719246,FALSE,finalized,3,10/27/15 1:21,female,1,yes,1,2/28/13 3:04,"Artisan specializing in paper mache, print-making and fibre art.  Art teacher and cat devotee. Find my page on FB https://t.co/G7bSTG9ICv",18751,,3B94D9,jlpeter37,,https://pbs.twimg.com/profile_images/550660983468077057/9l6pVJiA_normal.jpeg,0,0,@CraftYear2015 @isabelpascual thank you for the retweets,,10271,10/26/15 12:40,6.59E+17,"St. John's, Newfoundland",
815719247,FALSE,finalized,3,10/27/15 0:09,female,1,yes,1,10/14/11 17:53,He bled and died to take away my sins ÛÊ,5454,,D41EBF,SarahMaddry,,https://pbs.twimg.com/profile_images/653367929375977472/WyEqOjS__normal.jpg,0,65B0DA,All the girls went to sleep and the guys just sat in the floor and watched us_Ù÷â_Ù÷â,,13452,10/26/15 12:40,6.59E+17,Port-au-Prince,Arizona
815719248,FALSE,finalized,3,10/26/15 22:47,female,1,yes,1,2/15/15 6:41,union j xxxx,133,,0084B4,bethleia,,https://pbs.twimg.com/profile_images/654390129633705984/XXhDaVch_normal.jpg,0,C0DEED,@ChrisAOfficial I'm on the right side_Ù÷âÏÎ_Ù_üxxx,,408,10/26/15 12:40,6.59E+17,,
815719249,FALSE,finalized,3,10/27/15 1:34,male,1,yes,1,2001-11-13 1:18,You had me from the start,2871,,3B94D9,StrictlyAri,,https://pbs.twimg.com/profile_images/648334542227513344/W82RjfX1_normal.jpg,0,C0DEED,"YALL LMFAOO RIGHT WHEN THE CHORUS CAME ON, A TEAR ROLLED DOWN HIS FACE https://t.co/aYuQDPtvsE",,2219,10/26/15 12:40,6.59E+17,"Tampa, FL",London
815719250,FALSE,finalized,3,10/26/15 23:01,male,1,yes,1,4/21/11 12:21,BSc economics graduate  #COYS,228,,0084B4,JHurkett,,https://pbs.twimg.com/profile_images/588820454988709890/UtTyYkTY_normal.jpg,0,C0DEED,James Bond premier night at the @Everymancinema in Oxted with @SidiEdey. Let's hope it lives up to expectation! #SPECTRE,,3370,10/26/15 12:40,6.59E+17,University of Surrey,Amsterdam
815719251,FALSE,finalized,3,10/26/15 22:54,female,1,yes,1,8/14/13 12:54,Wife to my Coach. Mom to my eight troops. Follower of Christ.,1051,,0084B4,karenhbullard,,https://pbs.twimg.com/profile_images/645403816213393408/cb9Ur4jH_normal.jpg,0,C0DEED,@SydnieJR except once the Hallmark movies start I won't get anything done!! _Ù÷__Ù__Ù_ã,,97,10/26/15 12:40,6.59E+17,"Edmond, OK",
815719254,FALSE,finalized,3,10/26/15 23:31,female,1,yes,1,7/13/10 12:55,My Dms closed. | Sc: Dear_Moonshine,4068,,EEA525,DearMoonshine__,,https://pbs.twimg.com/profile_images/638386044862361600/HRvHRH-N_normal.jpg,0,EEA525,You leave the group chat for more than 2 mins and you miss made shit,,61166,10/26/15 12:40,6.59E+17,,Central Time (US & Canada)
815719255,FALSE,finalized,3,10/27/15 1:46,male,0.3353,yes,1,3/24/14 2:57,"RL/writer | Lewd aspiring femboy who enjoys oneechans, girlcock, and such | RTs 2D and (softcore) 3D | R-18/NSFW | accounts listed",4408,,FE617D,RinCutie,,https://pbs.twimg.com/profile_images/657449209440813056/xRFyqMg5_normal.png,0,FFFFFF,As opposed to Pump where it's like HI HOPE YOU LIKE DOING JUMPS WHERE YOU SPREAD YOUR FEET ACROSS THE ENTIRE STAGE,,55751,10/26/15 12:40,6.59E+17,Icon? Aogiri Penta.,Pacific Time (US & Canada)
815719257,FALSE,finalized,3,10/26/15 23:12,male,1,yes,1,2012-05-12 6:18,"Award Winning Author of the paranormal Romance thriller, Hath No Fury  technology writer,
http://t.co/LmMiOwenQQ #ASMSG",103,,DD2E44,HalRappaport,,https://pbs.twimg.com/profile_images/3636528327/1830a46d522a2db8e1a5d22c2cf3b1cb_normal.jpeg,0,FFFFFF,All the #magic in Hath No FURY is based on REAL #Magick! https://t.co/jwpsVhAU1E,,25773,10/26/15 12:40,6.59E+17,Princeton,Eastern Time (US & Canada)
815719258,FALSE,finalized,3,10/27/15 0:47,female,1,yes,1,12/28/11 15:36,self-proclaimed princess and occasional pain in the ass,1322,,FF55AA,sarahamiels,,https://pbs.twimg.com/profile_images/658129218543439872/LK_gbsXP_normal.jpg,0,FFFFFF,"Me the week of Brandon's birthday: there's no such thing as a birthday week u weirdo
Me November 1st: it's my birthday month, bow down to me",,4965,10/26/15 12:40,6.59E+17,"Algonac & Mt. Pleasant, MI",Eastern Time (US & Canada)
815719259,FALSE,finalized,3,10/27/15 0:17,male,1,yes,1,11/26/11 15:08,K-Smooty~I drink alot. Could be worse. I'm scrolling through your girl's nudes while watching Brady beat your team. #PatsNation #SupremeMeninist #AlwaysTurnt,901,,0084B4,TB12ForPrez,,https://pbs.twimg.com/profile_images/596744881306992643/rl83cUBK_normal.jpg,0,C0DEED,And got more yards AND points than the Jets gave up all season. https://t.co/gdfkaOxcDD,,69698,10/26/15 12:40,6.59E+17,Brittany's Mouth or Panties,Mountain Time (US & Canada)
815719261,FALSE,finalized,3,10/27/15 1:50,male,1,yes,1,5/20/11 1:59,"Free Ma Bros #EBK #OTR #Real300 !

All I Kno Is Grind Wea I Come From Ïö",49,,0084B4,300Stain,,https://pbs.twimg.com/profile_images/656370495823048704/rMQ_7I72_normal.jpg,0,FFFFFF,Did Alot Up In The Past Ion Wont Back,,30294,10/26/15 12:40,6.59E+17,Dazhane's ªÁ,Hawaii
815719263,FALSE,finalized,3,10/26/15 23:51,female,1,yes,1,4/23/09 9:34,penn state alum #classof2015,748,,CC3366,__amira_,,https://pbs.twimg.com/profile_images/630609261278703616/LYWEZMSz_normal.jpg,0,DBE9ED,This boy was on the El wit his 3 daughters and they all was under 5,,58876,10/26/15 12:40,6.59E+17,,Eastern Time (US & Canada)
815719265,FALSE,finalized,3,10/26/15 22:35,male,1,yes,1,5/17/09 21:05,"Lover of Women, Dogs/cats (dogs), Movies, Comics, TV, Video Games, Books, Wrestling, existentialism Adult ent?",1900,,AB6F09,brandonpattrson,,https://pbs.twimg.com/profile_images/474393325856780289/ZZBZLEz5_normal.jpeg,0,FFFFFF,@TheRiddler109 @CNN I mean it's not like Mainstream new media is supposed to feed you the fact nowadays...,,8843,10/26/15 12:40,6.59E+17,Maven: Severed,Eastern Time (US & Canada)
815719267,FALSE,finalized,3,10/26/15 23:31,male,1,yes,1,6/17/09 18:09,Militante y obrero de los SueÌ±os Revolucionarios desde toda la vida... åÁChavista de CorazÌ_n!... åÁComandante vives x100pre!,12,,09A7E0,danydifazio,,https://pbs.twimg.com/profile_images/468090201420869632/sz7Xp_ZU_normal.jpeg,0,BDDCAD,How many followers do you get everyday? I got 1 in the last day. Growing daily with https://t.co/JzckR3ub8H,,28078,10/26/15 12:40,6.59E+17,Venezuela,Caracas
815719269,FALSE,finalized,3,10/26/15 23:04,male,0.3473,yes,1,12/13/14 9:45,Baby I'm perfect for you @NiallOfficial,4525,,0084B4,mrshoran_girl,,https://pbs.twimg.com/profile_images/658304658486767616/RtiFKb9n_normal.jpg,0,C0DEED,"@onedirection Artist of the Year #AMAs

HO FAME",,6394,10/26/15 12:40,6.59E+17,"Italy, Naples",Belgrade
815719270,FALSE,finalized,3,10/26/15 23:49,male,1,yes,1,2007-01-13 3:55,Kennedy J Abulala ni mwalimu anayeienzi kazi yake.....mwalimu wa kiswahili.,172,,0084B4,KABULALA,,https://pbs.twimg.com/profile_images/621662235459391489/74hr0ed1_normal.jpg,0,C0DEED,@kbonimtetezi mheshimiwa travellers along that stretch of the road (lubao) r hurting and nobody seems to be raising this issue!,,2856,10/26/15 12:40,6.59E+17,,
815719271,FALSE,finalized,3,10/27/15 1:16,male,1,yes,1,2008-03-09 14:34,[ Krothedj@gmail.com ] [ Instagram - DJKRO ],85,,595952,DJKRO,,https://pbs.twimg.com/profile_images/632280561747423233/A5Pd3nai_normal.jpg,0,FFFFFF,Greenville Thursday. Yall holla you need anything. Know I'm the plug,,73578,10/26/15 12:40,6.59E+17,Candied Island,Eastern Time (US & Canada)
815719272,FALSE,finalized,3,10/27/15 0:06,female,1,yes,1,2/19/09 12:57,"Slightly ginger with blue eyes.
Park Run _ü",552,,0084B4,alexandraalice,,https://pbs.twimg.com/profile_images/509812651065876481/YMavGFH5_normal.jpeg,0,BDDCAD,@MarkHicks1204 I went to the wrong Nandos but I found you eventually #10chilliesequalsfreenandos,,2271,10/26/15 12:40,6.59E+17,Surrey,London
815719273,FALSE,finalized,3,10/26/15 21:55,male,1,yes,1,2010-06-13 15:03,Just Living Life at the top of the food chain,4561,,0084B4,OllieC9897,,https://pbs.twimg.com/profile_images/652444172604018688/RworSMcj_normal.jpg,0,C0DEED,@AndyRobsonTips Cardiff or drew with the over 1.5 match goals sounds good to me,,37982,10/26/15 12:40,6.59E+17,"Manhattan, NY",
815719274,FALSE,finalized,3,10/27/15 0:35,female,0.6583,yes,1,2012-08-13 23:04,19 | NSS | IPGKK ÏÎ,1472,,0084B4,sfwhmnzne,,https://pbs.twimg.com/profile_images/657087174060429312/FGik3fHx_normal.jpg,0,C0DEED,"Those who break the rules are scum, but those who abandon their friends are worse than scum",,1829,10/26/15 12:40,6.59E+17,Sabah,Krasnoyarsk
815719276,FALSE,finalized,3,10/27/15 0:14,male,0.6415,yes,1,2009-07-14 8:02,"Home Office & Business are sweet business! I can do it , you can",0,,0084B4,home8biz,,https://pbs.twimg.com/profile_images/508631838240157696/mNbhEHAR_normal.jpeg,0,C0DEED,"Gala Bingo clubs bought for å£241m: The UK's largest High Street bingo operator, Gala, is being taken over byÛ_ https://t.co/XprInke1m2",,130147,10/26/15 12:40,6.59E+17,,
815719277,FALSE,finalized,3,10/27/15 0:54,female,1,yes,1,3/14/14 12:00,"GoodMorning Mentions Anyone !! 

 #RETWEEET 

Must Follow Back Ï¬
 
#Fav for a FollowªÈü",12,,0084B4,llIUMINATlRESMl,,https://pbs.twimg.com/profile_images/464850935575887872/5x2iLmwY_normal.jpeg,0,C0DEED,"VIDEO: James Bond Spectre world premiere: After months of build up Spectre, the latestÛ_ https://t.co/uV38Wlg5bE #UK",,142495,10/26/15 12:40,6.59E+17,Queens NY,Casablanca
815719279,FALSE,finalized,3,10/26/15 23:20,male,1,yes,1,4/13/09 16:23,warholian obsessor creating within an orwellian nightmare. @allsceneeye @larecord,104,,0,sh6ne,,https://pbs.twimg.com/profile_images/573591838298341379/urZJcGE8_normal.jpeg,0,FFFFFF,Best thing about having an audition on the west side is being able to eat lunch at Komodo,,9071,10/26/15 12:40,6.59E+17,los angeles ,Pacific Time (US & Canada)
815719281,FALSE,finalized,3,10/26/15 23:07,male,1,yes,1,2001-06-10 13:25,The Blades. Instagram - scottryan16.,16836,,0084B4,Scott_Ryan_,,https://pbs.twimg.com/profile_images/657855014258515969/fceiUKel_normal.jpg,0,C0DEED,"In the last 20 minutes that Wednesday fan has tweeted about us 3 times, no, not obsessed, not even a little bit _Ù÷â_Ù÷â_Ù÷â_Ù÷â_Ù÷â_Ù÷â_Ù÷â_Ù÷â_Ù÷â_Ù÷â_Ù÷â_Ù÷â_Ù÷â_Ù÷â_Ù÷â",,42573,10/26/15 12:40,6.59E+17,,London
815719282,FALSE,finalized,3,10/27/15 0:57,female,0.6684,yes,1,2006-07-15 7:11,"This is control. 
Jpn versionàÕ @Zoe_o_Jbot            Rayark-Implosion",0,,0084B4,Zoe_o_Ebot,,https://pbs.twimg.com/profile_images/607553110693666816/0NPWHIZh_normal.jpg,0,C0DEED,"Once it is complete, it will lift off and attempt to connect with the alpha point of the rift we are observing. (1-2)",,2847,10/26/15 12:40,6.59E+17,Gaia,
815719284,FALSE,finalized,3,10/27/15 1:39,male,1,yes,1,5/13/07 21:34,Just a curious guy.,1312,,0,manikarthik,,https://pbs.twimg.com/profile_images/580381044592898048/aERbCHwE_normal.png,0,0,Triggered Email: The Killer Conversion App https://t.co/obCkhxkOm7,,53245,10/26/15 12:40,6.59E+17,Los Angeles,Abu Dhabi
815719287,FALSE,finalized,3,10/27/15 0:36,female,1,yes,1,12/24/11 19:10,I like to sleep,6559,,38543,cheer_diva97,,https://pbs.twimg.com/profile_images/567105102532468736/4bj2T2R4_normal.jpeg,0,EEEEEE,camerons side of the bed smells SO bad,,11328,10/26/15 12:40,6.59E+17,,America/Los_Angeles
815719288,FALSE,finalized,3,10/26/15 22:47,female,1,yes,1,4/22/14 4:22,ask no questions and you'll get no lies @spoopytaylor,27753,,0084B4,BURNSlVAN,,https://pbs.twimg.com/profile_images/657574153340518400/V0wZgnCd_normal.jpg,0,C0DEED,@wishbonecon are u going to the 1.30 one ??,,69585,10/26/15 12:40,6.59E+17,neverland,Amsterdam
815719289,FALSE,finalized,3,10/26/15 23:21,male,1,yes,1,2010-11-15 5:03,"For any photography bookings or enquiries DM, call me on 07508547008 or email me at abphotography1989@gmail.com Insta:@a.b_photography25  #TeamChrist",20,,3B94D9,MrABPhotog,,https://pbs.twimg.com/profile_images/653187591425105920/XuoiKdrm_normal.jpg,0,0,@Hakeem_NLT Boii make the wafflw link to the reference then the word count should clear up lol,,3215,10/26/15 12:40,6.59E+17,North Side Of That London ,
815719290,FALSE,finalized,3,10/26/15 23:53,female,1,yes,1,2010-09-12 7:31,"Born in Czech Republic, live in Ireland, wanna be in Germany.
OUAT Û¢ OITNB",7013,,DD2E44,Moonfell44,,https://pbs.twimg.com/profile_images/559754714544214016/dnWFn_jB_normal.jpeg,0,C6E2EE,"https://t.co/nRN2mGLd2E
Am I the only one who loves the part with Merlin and Regina's face? :D #OUAT",,1900,10/26/15 12:40,6.59E+17,"Waterford, Ireland",Casablanca
815719291,FALSE,finalized,3,10/26/15 22:38,male,0.6539,yes,1,2003-04-13 6:45,' You are to me All that an angel could be. ' *_ÄÜ ,10536,,ABB8C2,realangelhes,,https://pbs.twimg.com/profile_images/655712588018372609/aZaDsHos_normal.jpg,0,FFFFFF,"@Harry_Styles always remember, never forget you're the best and the greatest in the world just being you always you till the end of time YOU",,237421,10/26/15 12:40,6.59E+17,ãÜ is everything __Ï¤_Ô,Baghdad
815719292,FALSE,finalized,3,10/26/15 22:54,male,1,yes,1,2002-09-11 6:55,"Following the Money, Opening Governance, Fighting Corruption!                @GlobalIntegrity @OpenGovHub  Tweets my own.",1741,,FF0000,alanhudson1,,https://pbs.twimg.com/profile_images/1685539408/AH92_normal.jpg,0,F2E195,The POLITICS of evidence + results in international development. https://t.co/T7N2c2TTBf - Looks great. h/t @duncan_ids @rosalindeyben +,,12286,10/26/15 12:40,6.59E+17,Washington DC,London
815719293,FALSE,finalized,3,10/26/15 22:05,female,1,yes,1,5/27/11 7:25,"Retired Bad Girl. 
Û¢Û¢ QUEEN! Û¢Û¢",797,,990000,Miss_Masaya,,https://pbs.twimg.com/profile_images/657997085665591296/Ox0fNbDT_normal.jpg,0,DFDFDF,"Please God, let me get a house that has a fireplace in the bedroom!! I have such great ideas for such a room..",,31758,10/26/15 12:40,6.59E+17,"Scotland, United Kingdom",Edinburgh
815719294,FALSE,finalized,3,10/26/15 22:44,female,1,yes,1,2009-11-15 14:30,walk by faith not by sight.,109,,0084B4,RAEHEREEEE,,https://pbs.twimg.com/profile_images/642457438851993605/H4EfbYcn_normal.jpg,0,C0DEED,that's the 8% they have hidden.. UMPH. https://t.co/OnebBSAG93,,689,10/26/15 12:40,6.59E+17,,
815719295,FALSE,finalized,3,10/26/15 23:03,female,0.6738,yes,1,4/19/11 8:52,H50 NCISLA Bones Castle Arrow Chicago Fire Chicago PD POI Elementary TBBT Agents Of Shield Grey's Anatomy The Last Ship Callen McRoll  Ajax LFC BarÌ¤a Rafa Nadal,722,,3B94D9,Ilse_Futbolista,,https://pbs.twimg.com/profile_images/640483810480488448/5F9P4_Mq_normal.jpg,0,0,@WigingtonLinda that's nice for this time of the year. tomorrow they say it should be around 20,,209962,10/26/15 12:40,6.59E+17,,Amsterdam
815719296,FALSE,finalized,3,10/26/15 23:07,male,0.6628,yes,1,5/23/15 7:21,Apollo bot pulling from both AJ and DD. Randomly posts every hour. Spoilers abound. Under construction. Progress: 4-2 (75% complete).,0,,0084B4,ShitApolloYells,,https://pbs.twimg.com/profile_images/602117524637888512/s48xMoEi_normal.png,0,C0DEED,"(Surgical enhancements are for a different part of the body, and, I was kidding...)",,3191,10/26/15 12:40,6.59E+17,Wright Anything Agency,Tokyo
815719299,FALSE,finalized,3,10/26/15 22:30,male,0.6636,yes,1,2011-02-11 5:18,"like the snow, beautiful! but coldãü. I'm a legal drug dealer. Original,Extraordinary, and Psychic! if you want to know me better? talk to me ;)",530,,9611B0,Odi_SH,,https://pbs.twimg.com/profile_images/657597229541249024/bOLOWOLx_normal.jpg,0,80808,"She is not beautiful m, and I'm talking beyond the superficial beauty.",,39756,10/26/15 12:40,6.59E+17,¯¬ô_¯» ¯£ôàôãô_,Riyadh
815719301,FALSE,finalized,3,10/27/15 1:31,female,1,yes,1,2003-10-10 9:56,"Wife of Tidy Boy Amadeus, director of The Ideal Place and proud mother of Max Mozart",69,,0084B4,AngieMozart,,https://pbs.twimg.com/profile_images/2240414271/image_normal.jpg,0,C0DEED,bad day in the office - but nice to catch up with @thedjbrisk so wish we had more time to catch up x,,593,10/26/15 12:40,6.59E+17,Northampton,
815719303,FALSE,finalized,3,10/26/15 22:25,female,1,yes,1,2005-07-15 19:05,A lie gets halfway around the world before the truth has a chance to get its pants on.,0,,0084B4,BuzzellNatalie,,https://pbs.twimg.com/profile_images/634770327914987520/3mQYlBPd_normal.jpg,0,C0DEED,"James Walter invented the bolt-action rifle, liquor, sexual intercourse, and football-- in that order.",,13424,10/26/15 12:40,6.59E+17,,
815719304,FALSE,finalized,3,10/26/15 23:20,male,1,yes,1,2003-07-10 12:38,"Lover of the truth, seeker of knowledge",215,,0084B4,cyrusodessa,,https://pbs.twimg.com/profile_images/613343268689051649/N84-CSxs_normal.jpg,0,C0DEED,@Lov3rzWorldwide Say He is the one. The eternal. He doesn't have kids nor did anyone have Him. There is nothing like The One.,,998,10/26/15 12:40,6.59E+17,USA ,
815719305,FALSE,finalized,3,10/26/15 23:31,male,1,yes,1,1/24/11 19:01,Why Chase Trends When You Can Make A Statement? #HOODLYFE https://t.co/ABfaK2iDjb,774,,9999,WisemanKayo,,https://pbs.twimg.com/profile_images/658729160915963904/XxthcQR3_normal.jpg,0,EEEEEE,Now I Changed! I'm not the same Man I once Yesterday it's for the better watch &amp; take notes,,56032,10/26/15 12:40,6.59E+17,,
815719306,FALSE,finalized,3,10/27/15 0:20,female,1,yes,1,3/21/15 7:08,Calm and Collected. #FollowBackAndSee,0,,0084B4,YemiSureGirl,,https://pbs.twimg.com/profile_images/579284873791324160/C71fhLG__normal.jpg,0,C0DEED,Amazing: See Igbo Village In The United States OfåÊAmerica https://t.co/Z8A95hAQpE https://t.co/qdQ6HnE735,,13401,10/26/15 12:40,6.59E+17,Places.,
815719307,FALSE,finalized,3,10/26/15 23:05,female,0.6614,yes,1,7/29/08 3:50,Artist  Õ Re-evaluating life ÕRadiation Oncology student ÕWant 2 make a +ve difference ÕComedian ÕRule-Breaker  Õ  @FORCElectures Õ  LIVE DRAWZ! http://t.co/Nsf5Zd0hfY,6805,,FF0877,smizz,,https://pbs.twimg.com/profile_images/602082590074544128/Rg2OGP-d_normal.jpg,0,FFFFFF,"@R_M_Appleyard alarm wont work as you can't time the stops in Leeds. Too much traffic ect. A 20min bus ride can take 50 or 12 mins, ya know?","[53.80984395, -1.58653997]",30903,10/26/15 12:40,6.59E+17,Practicing Kindness,London
815719309,FALSE,finalized,3,10/27/15 1:28,female,1,yes,1,2007-05-13 13:08,"hi. my name is Angela but most of my friends call me Angie. I have a very boring life consisting of College & Work, so I have nothing to post for a bio.",36,,F5ABB5,angie48534918,,https://pbs.twimg.com/profile_images/550568818972430337/nHO_zqeP_normal.jpeg,0,0,"#Akinator, the Genie App, just guessed that I was thinking of  Katniss Everdeen's Daughter #what? how?",,488,10/26/15 12:40,6.59E+17,,
815719311,FALSE,finalized,3,10/26/15 23:35,male,0.6397,yes,1,2006-10-13 5:56,"I repair all makes and models of phones, tablets,  mp3 players &  more! I've  been professionally repairing electronic equipment since 1988!",4,,0084B4,techcheckrepair,,https://pbs.twimg.com/profile_images/502497418664247298/TFiInDrP_normal.jpeg,0,C0DEED,"@TekifyUK I am trying to unbrick my Kindle fire, with a red screen. I followed your youtube video, and am using the unbrick tool.",,103,10/26/15 12:40,6.59E+17,Utah,Mountain Time (US & Canada)
815719312,FALSE,finalized,3,10/26/15 23:54,male,1,yes,1,1/17/10 6:02,"Sportswriter, cigar lover, dreamer. Pro writer for @SportsBlog, @ustadium ambassador, and suffering Yankees/Nets/Jets fan. #FAU19",8900,,51014,JakeElman,,https://pbs.twimg.com/profile_images/658346486477008897/vHgu9dJD_normal.jpg,0,0,If you say someone like Wale or Meek or Wiz has gotten big in the past five years you're a moron. They were big in the mixtape game.,,75684,10/26/15 12:40,6.59E+17,Florida ,Central Time (US & Canada)
815719313,FALSE,finalized,3,10/27/15 1:21,female,1,yes,1,2011-03-12 15:50,Charity volunteer,105694,,9D582E,Madelineh28,,https://pbs.twimg.com/profile_images/587683229722877952/SOkhPUxB_normal.png,0,D9B17E,Move Of The Week Double Leg Stretch Û_ : https://t.co/kxkCEFUxQB ... https://t.co/n7PtOHGaPQ,,159675,10/26/15 12:40,6.59E+17,,Pacific Time (US & Canada)
815719320,FALSE,finalized,3,10/26/15 23:24,male,1,yes,1,2008-05-10 8:31,"Maker, Conceptor & Creative Developer - 0xBAC3A9BD - #conception #geek #dev #agile #neutralite #opensource #privacy #copyright",193,,107FC9,Adrien_RG,,https://pbs.twimg.com/profile_images/643511925532397568/hjSpxYYZ_normal.jpg,0,FFFFFF,Reimagining the #webdesign process by @InVisionApp - https://t.co/Vmb0OZU67e https://t.co/hFlWR8tfOl,,3874,10/26/15 12:40,6.59E+17,127.0.0.1,Athens
815719322,FALSE,finalized,3,10/27/15 0:00,male,0.705,yes,1,1/17/12 20:36,Calm And Cool,1140,,0099B9,ClemsonJohn,,https://pbs.twimg.com/profile_images/654408635624374273/W6M8MAEb_normal.jpg,0,5ED4DC,@deptulahasrage Clemson only need to stack the line against FSU then they may not even score,,300,10/26/15 12:40,6.59E+17,Greenville S.C,Eastern Time (US & Canada)
815719323,FALSE,finalized,3,10/27/15 1:25,female,0.6631,yes,1,2005-03-09 14:30,A retro modernist suffering from unsightly visibility.,366,,0,movieskink,,https://pbs.twimg.com/profile_images/2184506197/photo_normal.png,0,0,I can see now that there's no way I'm going to resist this Shattered Empire business. The Noto cover alone! https://t.co/nLmIC5xDmp,,8118,10/26/15 12:40,6.59E+17,,Eastern Time (US & Canada)
815719325,FALSE,finalized,3,10/26/15 23:05,male,1,yes,1,2/25/12 4:30,"Doctorate in Physics, 2 time Olympic swimming gold medalist and professional liar.",4902,,9266CC,Shady1277,,https://pbs.twimg.com/profile_images/656882357388095488/omsbXenk_normal.png,0,0,@cringe_channel chris chan has the fame,,2286,10/26/15 12:40,6.59E+17,pronouns - dead/pool,Dublin
815719326,FALSE,finalized,3,10/26/15 23:09,female,1,yes,1,7/23/12 22:34,I only trust people that like big butts. They cannot lie.,1724,,0084B4,ilovegiraffes_,,https://pbs.twimg.com/profile_images/651146254521466880/eAuUwatH_normal.jpg,0,C0DEED,The accuracy though lol  https://t.co/frFforEeLC,,5244,10/26/15 12:40,6.59E+17,,
815719327,FALSE,finalized,3,10/27/15 0:48,male,1,yes,1,2008-12-13 8:21,dont take my tweets serious and if you do... *shrugs* Shit happens...... look at my link and pin. i have no reason to be on here now.,33672,,990000,oddbennett,,https://pbs.twimg.com/profile_images/655078683007283200/w9kQ_VYL_normal.jpg,0,FFFFFF,"Im weakkkkk_Ù÷â_Ù÷â_Ù÷â_Ù÷â_Ù÷â
Tbh thats the only way to shut down girls who flex",,95732,10/26/15 12:40,6.59E+17,Belleville,Central Time (US & Canada)
815719329,FALSE,finalized,3,10/27/15 1:29,female,1,yes,1,9/30/15 5:07,"Community Outreach. Medicaid Managed Care
Board Member United Way Chicago
M.A. Gerontology. Advocate for Underserved Communities. ISU Alumni. ëÓë£ë÷",800,,0084B4,LmarieAsad,,https://pbs.twimg.com/profile_images/649597416367345664/t6N81DpM_normal.jpg,0,C0DEED,"Thanks to the #ACA more adults are eligible for #Medicaid in #Illinois &amp; able to apply online.  @YoungInvincible

https://t.co/cfwlLqv4K9",,595,10/26/15 12:40,6.59E+17,"Chicago, IL",
815719330,FALSE,finalized,3,10/26/15 22:04,female,1,yes,1,9/26/14 3:30,Ventas Digitales @ IBM EspaÌ±a. Todas mis opiniones son personales y las hay de todos los colores. TambiÌ©n puedes contactarme en http://t.co/U9r28x31Hr,54,,9266CC,AliciaVRuiz,,https://pbs.twimg.com/profile_images/515451137852313600/wxh-xYcG_normal.jpeg,0,0,"IBMSocialBiz: In the future, there will be a narrowing of the gap of people's abilities to use tools proficiently. JenniferMcClure #H2HChatÛ_",,22145,10/26/15 12:40,6.59E+17,Madrid,Madrid
815719331,FALSE,finalized,3,10/26/15 22:36,male,1,yes,1,1/20/11 20:20,#Ä£FreeZa #Ä£RIPNAZERAH_ü,14992,,FA3CBE,KingClay__,,https://pbs.twimg.com/profile_images/595407457154805762/9-kSx66n_normal.jpg,0,0,Chris Got On The Black Toe 1s _Ù÷_,,48045,10/26/15 12:40,6.59E+17,,Eastern Time (US & Canada)
815719332,FALSE,finalized,3,10/27/15 0:18,female,1,yes,1,2008-10-13 19:01,"æáæ¡æü µÑæ¡µä fµ÷ê¬µ æüå¼µ÷ èÁæüæüæü'À, æáæ¡æü æüå¼µ÷ µÄèÁæáµÄæüè¢ èÁæüæüæü'À, µµµµµµ å¼æ¡ µæü µå¼µö è¢µÑå¼p fµ÷ê¬µ'À èÁæüæüæü'À",38680,,4A913C,thepanda_karina,,https://pbs.twimg.com/profile_images/653465887949717504/T_QLnLTW_normal.png,0,0,@iampoojabalaji The day after his wedding anniversary... Sucks to suck,,34852,10/26/15 12:40,6.59E+17,|| SPNCW || Samandriels ||,Central Time (US & Canada)
815719334,FALSE,finalized,3,10/27/15 1:45,female,1,yes,1,2/26/13 22:02,you're a catalyst to your happiness,13588,,BD98E5,sh4nnonmiller,,https://pbs.twimg.com/profile_images/631159147556286466/TTOLDcJq_normal.jpg,0,0,When you're 20 mins early to an advising appointment but the bitch before you goes over by 10 mins_Ù÷Ô,,6464,10/26/15 12:40,6.59E+17,bay area x boulder,Arizona
815719337,FALSE,finalized,3,10/27/15 1:50,male,1,yes,1,11/21/08 10:38,Idiot from Baltimore who thinks he is funny.,6044,,994700,DrRockt0pus,,https://pbs.twimg.com/profile_images/641986326477303808/kbf-w6AD_normal.jpg,0,FFFFFF,@paulmgardner @cwellssun I knew a guy who was in the military who used it because it doesn't show up on drug tests.,,9799,10/26/15 12:40,6.59E+17,"Baltimore, MD",Eastern Time (US & Canada)
815719338,FALSE,finalized,3,10/26/15 23:53,male,1,yes,1,3/24/15 13:17,computer engineer @ Khalifa university,3,,0084B4,buomar94,,https://pbs.twimg.com/profile_images/582451412853874688/WUK-c-Bl_normal.jpg,0,C0DEED,"My mom listening to ""Hello"" what's happening to the world",,52,10/26/15 12:40,6.59E+17,,
815719339,FALSE,finalized,3,10/26/15 23:12,female,1,yes,1,6/14/13 6:52,|Studying At Dillard University| |Dr.Williams|,634,,0084B4,mill_isit,,https://pbs.twimg.com/profile_images/655922626695598080/DY90mawX_normal.jpg,0,C0DEED,"If ion work one job , I work the other .",,7107,10/26/15 12:40,6.59E+17,"New Orleans, LA",
815719340,FALSE,finalized,3,10/26/15 23:27,female,1,yes,1,2002-02-12 11:55,Leonel Dominic,4941,,0084B4,Mydickboyyy,,https://pbs.twimg.com/profile_images/658120358571196416/owZaYiVc_normal.jpg,0,C0DEED,Lrt me at work allllllllllllllll the time!!!!!,,10170,10/26/15 12:40,6.59E+17,,
815719343,FALSE,finalized,3,10/26/15 23:50,female,1,yes,1,11/19/13 2:34,"How to Quit Paying for Expensive Medical Visits and Fake Fixes, and Eliminate His Frustrating, Nagging and Constantly Repeating Low Back Pain.",102,,0000FF,ArdithBordonaro,,https://pbs.twimg.com/profile_images/441066015640666112/AWytWS1a_normal.jpeg,0,C0DEED,"Flexible Diet Plan: Revealed for the first time, secret methods for losing weight, without having to give upÛ_ https://t.co/yGQYYVCYKi",,75252,10/26/15 12:40,6.59E+17,,
815719344,FALSE,finalized,3,10/26/15 23:02,male,0.6553,yes,1,3/22/10 10:54,"born london, grew up basildon, lived cornwall,  most of that at sea. makes no sense. but that's fine.",62,,352FEB,spikenewlyn,,https://pbs.twimg.com/profile_images/1377351428/marrok.logo_normal.jpg,0,C0DEED,Total loss of respect for the little twat https://t.co/eQstpYJEck,,552,10/26/15 12:40,6.59E+17,west cornwall,London
815719345,FALSE,finalized,3,10/26/15 22:16,male,1,yes,1,5/19/12 11:19,i just signed myself,3662,,73A1A9,fuckgivenchy,,https://pbs.twimg.com/profile_images/653588084282556420/b1WTamg1_normal.jpg,0,FFFFFF,"he needs his own intro for when you pick up the phone 'CLIFFORD ELLIS, THE GREATEST BROCKER IN THE WORLD' lmfao",,32310,10/26/15 12:40,6.59E+17,kalu@blackedout.co.uk,London
815719346,FALSE,finalized,3,10/27/15 1:51,male,1,yes,1,2009-06-08 19:49,"Journalist and producer with @camanpour on @cnni. Always open to a spicy taco. Views are my own, RT äÊ endorsement, duh.",34,,128A8A,mickbk,,https://pbs.twimg.com/profile_images/652496810557222912/__1J0NiS_normal.jpg,0,87BC44,Fortune favors the funny in Guatemala election: https://t.co/E1Qa16AweK https://t.co/c8nvJn3VaN,,3795,10/26/15 12:40,6.59E+17,London,Eastern Time (US & Canada)
815719350,FALSE,finalized,3,10/26/15 22:49,female,1,yes,1,7/17/13 0:14,Your brain is that bodily organ which starts working the moment you awake and does not stop until you get into the class.,3,,0084B4,DianaTsang1,,https://pbs.twimg.com/profile_images/578719023426248704/0toNxk5e_normal.jpeg,0,C0DEED,Would Û÷The AffairÛª Be Easier To Watch If The Kids WerenÛªt Such Brats? [Spoilers]: The Showtime series The Affa... https://t.co/o6jpVaUFdz,,15690,10/26/15 12:40,6.59E+17,University,Sydney
815719351,FALSE,finalized,3,10/27/15 0:26,female,1,yes,1,10/24/14 5:54,NO 1 9ja online GIST | Entertainment | News  | Musics | Videos | Events | Celebrity focus | Interviews | Life Style | Fashion | #VideoDIRECTOR(@mc_expy),10,,0084B4,iSpeak9ja,,https://pbs.twimg.com/profile_images/544434415527415809/dYWDptQe_normal.jpeg,0,C0DEED,"NBD, This Comet Is Spewing Gallons of Wine In Space: Scientists have discovered that the comet Lovejoy is spew... https://t.co/42Fa4wwoA1",,52012,10/26/15 12:40,6.59E+17,NIGERIA,London
815719353,FALSE,finalized,3,10/26/15 22:56,male,1,yes,1,10/28/12 14:29,hollow heart.,5122,,2FC2EF,downeysmile,,https://pbs.twimg.com/profile_images/422040340015497216/yzLGvLtX_normal.png,0,FFFFFF,Stats for the day have arrived. 1 new unfollower. Stats via https://t.co/VuMDKp70A7.,,18553,10/26/15 12:40,6.59E+17,"Napoli, Campania",Amsterdam
815719354,FALSE,finalized,3,10/26/15 23:10,female,1,yes,1,4/21/12 2:38,It hurts to let go. Sometimes it seems the harder you try to hold on to something or someone the more it wants to get away.,0,,0000FF,kilpatrickeolue,,https://pbs.twimg.com/profile_images/533136162924158976/HOP_uILr_normal.jpeg,0,FFFFFF,#VivienLeigh Gone With The Wind Clark Gable Vivien Leigh #Photo https://t.co/yVO2B34jrw #Film #Actress,,82319,10/26/15 12:40,6.59E+17,,Berlin
815719357,FALSE,finalized,3,10/27/15 0:51,male,0.337,yes,1,2010-12-14 4:30,magnificent fujoshi scum,5517,,FAD733,mirakyun,,https://pbs.twimg.com/profile_images/658556758609137665/bWyK2txD_normal.jpg,0,0,"Kaito's song is about chasing after an idealized version of himself, but in the real world, he's alone. #starmyu https://t.co/TvLbxrYMRK",,34890,10/26/15 12:40,6.59E+17,,
815719358,FALSE,finalized,3,10/26/15 22:37,female,1,yes,1,2007-03-14 2:53,"Just a girl in love with God. Pole vaulting, lifting, reading and horseback riding are my passions. Country loving small town girl!",15010,,0084B4,kayadfi,,https://pbs.twimg.com/profile_images/484636447576571905/uIDd3p4V_normal.jpeg,0,C0DEED,Photo: The Fellowship of the Ring: Book One in the Lord of the RingsÛ_: https://t.co/4A1v5WdDd4 https://t.co/Hyosq3fr5e,,222464,10/26/15 12:40,6.59E+17,Arkansas,Pacific Time (US & Canada)
815719359,FALSE,finalized,3,10/26/15 23:14,female,0.6688,yes,1,2002-06-11 9:57,"some days i want world peace, other days i want to burn the world down",87,,0,6SEISS6,,https://pbs.twimg.com/profile_images/600239079960096769/iFAxQfXK_normal.jpg,0,0,"I kept telling myself the temptations would let me in,
And they did.",,28280,10/26/15 12:40,6.59E+17,,Quito
815719360,FALSE,finalized,3,10/27/15 1:36,male,1,yes,1,2009-08-14 14:01,Everything I do need a news crew's presence.,17901,,0084B4,lesatorr,,https://pbs.twimg.com/profile_images/511254006237126656/oRsrapRC_normal.jpeg,0,C0DEED,Photo: Snow Queen - Vlad Barbe | Kids &amp; Family |716822518: The Snow Queen is a fairy tale by Hans Christian... https://t.co/CC4qqNHvjY,,155674,10/26/15 12:40,6.59E+17,NY,Pacific Time (US & Canada)
815719361,FALSE,finalized,3,10/27/15 1:46,female,0.6566,yes,0.6566,7/26/10 10:50,"EntÌ£o estÌÁ bem.
18. Sporting Clube de Portugal. 1906",11414,,2FC2EF,babisofia,,https://pbs.twimg.com/profile_images/614839389634568192/BhzOHcNO_normal.jpg,0,FFFFFF,"Fool me three times, fuck the peace signs
Load the chopper, let it rain on you",,50993,10/26/15 12:40,6.59E+17,Torres Novas,
815719365,FALSE,finalized,3,10/27/15 0:28,female,1,yes,1,3/20/13 6:04,The island's official magical creature || OMG you can't just ask me why I'm white || Avi & Header are me || @BarnQueenAcc & @r4wellbeing ambassador,26721,,9266CC,SouthAfricanEQ,,https://pbs.twimg.com/profile_images/653622349145706496/86FKS8rw_normal.jpg,0,0,"The world(esp EqAnon island)needs more people like @EQcompliments, @HorseShowTutor, @StudioOnWhitney, @DejavuEq &amp; @AthleticEq #AmazingLadies",,37290,10/26/15 12:40,6.59E+17,South Africa,Pretoria
815719366,FALSE,finalized,3,10/26/15 23:00,male,1,yes,1,9/19/08 13:33,"Helping build a supercomputer, because no-one's making GIANT ROBOTS, anyhow it's keeping busy until the send me to Mars. All tweets CC-BY http://t.co/mtenMjd6xx",95,,F78A22,Aethylred,,https://pbs.twimg.com/profile_images/646841457609830400/phgVQRhm_normal.png,0,E59B38,@bentorkington @NZInlandRevenue ...don't bother with KiwiSaver until the kickstart fund is restored,,30354,10/26/15 12:40,6.59E+17,"Palmerston North, or Foxton.",Wellington
815719368,FALSE,finalized,3,10/27/15 2:09,female,1,yes,1,8/20/13 20:42,Train like you've been picked for the Hunger Games,3322,,ABB8C2,constanshow,,https://pbs.twimg.com/profile_images/658624656304308224/Ies3fy4s_normal.jpg,0,FFFFFF,Hello from the... Nah,,19365,10/26/15 12:40,6.59E+17,,Beijing
815719369,FALSE,finalized,3,10/27/15 1:42,male,1,yes,1,2009-06-14 15:27,"ª_ü | 15 | Looking for a miracle, you're fucking with the right one | jess ªÁ",53563,,3B94D9,coloredcharms,,https://pbs.twimg.com/profile_images/657525719304663040/jJRgyPcY_normal.jpg,0,0,"""Came into the game when white rappers weren't a cliche""

@classified spittin' that truth",,52653,10/26/15 12:40,6.59E+17,rolling with gangs for $20,Eastern Time (US & Canada)
815719373,FALSE,finalized,3,10/27/15 1:34,female,1,yes,1,3/16/11 11:32,"38 year old married broad. Makeup Artist,Stylist. Raising to 2 beautiful girls to be strong beautiful women.Wife to a Roughneck",29,,38543,ponder76,,https://pbs.twimg.com/profile_images/560967984760770561/rdakH336_normal.jpeg,0,EEEEEE,@EVINELive yep just had to wait until the next day,,1821,10/26/15 12:40,6.59E+17,Somewhere small in PA,Atlantic Time (Canada)
815719375,FALSE,finalized,3,10/27/15 1:43,female,1,yes,1,2003-01-15 22:10,"24/CreoleMixed/BornInNewOrleans,RaisedInTexas/Love God,Family,Friends,Education,$,Sleep,Text,Food,Movies,Music,Clothes, Makeup,Nature,Animals & Colors.",3,,D02B55,msrainerain,,https://pbs.twimg.com/profile_images/649838232021004289/qG3uu_gw_normal.jpg,0,829D5E,ÛÏ@thacelebritea Seen on the Scene: Spotted #RavenSymone out and about earlier this week [r.p @theybfdaily ] https://t.co/sjNH93a0L3Û ÷¼ü÷¼ü÷¼ü,,45295,10/26/15 12:40,6.59E+17,"Houston,Tx",
815719377,FALSE,finalized,3,10/26/15 22:54,female,1,yes,1,10/27/14 5:03,"hi ! my name is Louanne , I am great fan of Justin Bieber and I love you ! ª´ª»*O*",186,,0084B4,LouanneGaffe,,https://pbs.twimg.com/profile_images/645361017980067840/h_TDb28z_normal.jpg,0,C0DEED,"@justinbieber  Too much swag the Acoustic version. you are too cool, kept silent makes me laughter has the end with vibratos lol _Ù÷_Ù÷É",,34,10/26/15 12:40,6.59E+17,"Julos, Midi-PyrÌ©nÌ©es",
815719378,FALSE,finalized,3,10/27/15 0:40,female,1,yes,1,2001-08-09 12:32,National Security & Foreign Policy Editor @CQNOW. Pulitzer Crisis Center Grantee. Former Qatar Expat. Medill grad. Retweets not endorsement.,778,,FF0000,jenkoons,,https://pbs.twimg.com/profile_images/582009178169978880/SgOvDhQA_normal.jpg,0,FFFFFF,Listen to @johnmdonnelly discussing his exclusive reporting on potentially fatal flaws in #F35 ejector seat https://t.co/rZ1BEKbY6P @CQnow,,2990,10/26/15 12:40,6.59E+17,"Washington, D.C. ",Eastern Time (US & Canada)
815719380,FALSE,finalized,3,10/26/15 21:58,female,1,yes,1,4/30/10 11:21,"writer // stoop hen. into books, punk and gin. writes for cash at @iqmediacorp. working on @nsfwstory. foul mouth cyclist.",725,,6C1927,colltreese,,https://pbs.twimg.com/profile_images/613434331395035136/Qh-bDhU1_normal.jpg,0,F2E195,@BarCampPhilly @FlipperPA Yes! Would love to throw in the hat in for a couple local folks over at @iQmediacorp. Happy to arrange a meet.,,3764,10/26/15 12:40,6.59E+17,Philadelphia,Eastern Time (US & Canada)
815719382,FALSE,finalized,3,10/26/15 22:06,male,0.6399,yes,1,10/26/14 17:19,The ultimate gourmet coffee store from espresso to whole bean coffee. https://t.co/u2ppcRfRsQ https://t.co/snem4yPeAk,69,,ABB8C2,RoastmeisterLLC,,https://pbs.twimg.com/profile_images/650877535123668992/--h1P58U_normal.jpg,0,0,"Coffee Taster's Flavor Wheel from the SCAA
#coffee
https://t.co/GOLukszOLU https://t.co/HJHczkaiQy",,3202,10/26/15 12:40,6.59E+17,"Harbor Springs, MI",Eastern Time (US & Canada)
815719383,FALSE,finalized,3,10/26/15 23:57,male,1,yes,1,7/24/12 9:01,"Christian, Conservative, Baptist, Believer in Constitution and founders. Own Book Business. Republican. Theologian, Historian.",23,,0084B4,TomOrr777,,https://pbs.twimg.com/profile_images/3047508185/df2dd7d82e3e05e6e9e38e81d06c074d_normal.jpeg,0,C0DEED,We have a chance for the first time in decades to elect someone who will not be owned by lobby groups or big corporations. Or Saudi Arabia,,76387,10/26/15 12:40,6.59E+17,okc,
